0,1.2%
1,47%
2,39.6%
4,"47%"""
5,4.2%
7,35%
9,15%
12,80-90%
13,40%
14,10%
15,3%
17,2%
18,1.7%
20,1.5%
21,1.4%
22,1.9 percent
23,99 percent
24,1%
33,9.3%
34,9%
40,-percent
43,8%
44,7-8%
45,0.1 percent
46,0.2 percent
47,0.4 percent
49,0.6 percent
50,14 percent
53,50%
55,20 percent
56,50 percent
57,16.0%
58,3.1%
59,5-6%
60,good percent
62,0.01 percent
71,2 percent
72,35 percent
73,2.3 percent
74,13 percent
75, percent
76,five percent
79,12.3 percent
80,1.3%
81,6.1%
82,larger percent
83,one percent
84,6.2 percent
85,21.7 percent
87,5.2 percent
88,1.8 percent
90,9 percent
91,20%
92,the percent
93,5%
97,26%
98,23.8%
99,1.25%
101,70%
102,few percent
104,5 percent
105,39.4 percent
107,39.6 percent
109,13.9 percent
110,17.5 percent
111,6.7 percent
112,28.2 percent
113,90%
114,0.3 percent
116,0.7 percent
118,7.7 percent
119,9.2 percent
124,3.5%
125,0.5 percent
126,50.7 percent
127,50.3 percent
128,52.6 percent
129,52.7 percent
130,51.5 percent
132,bigger percent
133,lower percent
134,17%
136,51 percent
137,2.5 percent
138,nine percent
139,three percent
140,5.3 percent
141,5.5%
142,15.96%
145,4%
146,7.8 percent
148,2.07%
149,6.67%
150,1.73%
151,8.88%
153,69%
156,48%
157,3.60%
158,6.24%
160,-to-four percent
163,1.8178%
164,%
165,large percent
166,13.5 percent
168,42 percent
169,90 percent
170,49 percent
171,49%
172,32%
173,24%
174,4.348%
175,2.701%
176,100%
180,2.24%
185,98 percent
186,25 percent
188,6 percent
189,3 percent
190,22 percent
191,2.8 percent
192,33.4%
193,28.3 percent
194,210%
195,0.19%
196,6.5 percent
199,-0.1 percent
201,6.5%
210,4 percent
215,26.4 percent
216,26.9 percent
217,16 percent
219,15 percent
220,80%
224,10 percent
225,1.6 percent
226,4.9 percent
228,60 percent
233,84.69%
237,2.6 percent
238,3.0 percent
241,43 percent
243,33 percent
245,215 percent
247,189 percent
249,4.3%
250,1.8%
252,2.83%
253,10.1%
257,0.9%
258,0.3%
259,0.18%
261,44 percent
264,11%
268,30%
269,0.1%
270,7.8%
271,7.7%
273,63.6%
274,14.4%
276,19%
277,13%
279,2.1%
282,7 percent
285,100 percent
287,7.1 percent
294,17 percent
295,4.5 percent
297,2.2 percent
299,65 percent
300,23 percent
301,0.52 percent
304,75 percent
305,9.4 percent
306,7.2 percent
308,8 percent
310,11 percent
312,34 percent
314,36 percent
315,7.6 percent
321,1.4 percent
323,500%
324,53%
325,0.0%
327,0.8 percent
333,21%
334,16%
336,22%
339,61.8%
340,2.8%
341,0.825%
345,1.94 percent
346,1.96%
347,20.2 percent
348,37.8 percent
351,5.1 percent
358,1.91%
364,0.2%
366,6%
371,14%
376,95%
385,2.4%
386,25%
388,2.82%
389,headline %
391,9.2%
394,- percent
396,6.0 percent
403,21 percent
409,38 percent
411,-0.1%
412,2.23%
413,3.2 percent
414,3.1 percent
416,46.3 percent
417,zero percent
418,60%
420,-14.5%
421,-6%
423,9.7 percent
424,no percent
425,-0.38%
426,3.8 percent
427,39%
428,88%
429,4.9%
438,0.27%
439,0.26%
444,15.32 percent
446,20-30%
447,12%
448,38%
452,8.2 percent
453,4.6%
454,62%
455,74 percent
457,2.4 percent
459,12.5%
460,This percent
465,1.9%
469,80 percent
471,30 percent
475,9.3 percent
476,39.1 percent
477,37.9 percent
478,53 percent
480,12 percent
483,0.46%
484,0.37%
486,7.5%
487,hundred percent
488,7.4 percent
489,six percent
490,7.0 percent
493,120%
494,13.6%
496,12.9%
497,"""40%"
505,9-10 percent
506,1 percent
511,34.8 percent
512,66 percent
513,19.2 percent
515,52 percent
518,165 percent
523,-0.4 percent
525,26.6 percent
526,-3.2 percent
529,5.9 percent
530,7%
531,1.1 percent
532,9.6 percent
535,14.5%
537,31 percent
538,19 percent
543,0.5%
545,-5.6%
547,3.7%
550,3-4%
554,23.6%
555,3.9 percent
556,27 percent
559,40 percent
560,92 percent
562,41 percent
564,55 percent
565,11.8%
566,10.7%
567,10.6%
568,6.4 percent
570,7.3 percent
571,3.5 percent
572,9.1 percent
573,6.3 percent
579,0.4%
580,0.8%
586,14.1 percent
590,6.9 percent
591,0.61 percent
599,72.7%
600,31.0%
601,19.4%
602,28.1%
603,38.6%
604,12.7%
605,35.4%
606,43.9%
608,21.2%
613,8.24%
616,21.2 percent
617,20-50 percent
620,40-70 percent
623,2.50 percent
624,2.00%
632,1.5 percent
633,2.50%
636,0.75 percent
637,1.7 percent
641,13.3%
642,8.2%
644,73 percent
645,62 percent
646,13.9%
647,17.5%
650,5.1%
651,18.1%
657,4.6 percent
660,0.7%
661,1.1%
662,0.45%
664,0.67%
673,1.2 percent
674,70 percent
678,12.1%
680,highest percent
681,lowest percent
687,2.0 percent
691,94 percent
694,9.5 percent
699,1.0 percent
702,-2.3%
703,2.5%
704,37.1%
705,131.5%
707,24.2%
709,112%
710,27.5%
713,93%
714,0.00%
715,0.04%
716,3050%
719,0.385 percent
727,8.6%
730,what percent
733,high percent
742,2.2%
744,3.8%
745,6.7%
746,-0.5%
747,-1.4%
750,0 percent
751,-71 percent
752,61%
757,45 percent
762,27%
763,127%
765,29%
773,-0.2%
775,7.9 percent
776,-0.6%
783,projecting percent
786,58 percent
788,-over-year percent
792,11.9%
794,4.1%
797,2.3%
817,4.8%
820,9.8 percent
826,120 percent
828,0.66%
829,two percent
834,in percent
840,8.25%
842,250 percent
844,31.6 percent
849,7.3%
851,7.4%
855,99%
856,1.6%
862,3.3 percent
870,34%
872,28%
881,7.37 percent
895,sales percent
896,29.4%
899,Seven percent
902,"""enormous percent"
917,10-15%
918,-to-2%
921,1.86 percent
922,17.82 percent
928,65%
929,55%
930,14.93%
931,28.37%
942,3.6%
946,35.3 percent
947,37 percent
948,94.0 percent
949,94%
950,34.7percent
952,31.3 percent
953,38.7 percent
976,99.9%
978,8.3%
1004,38.2%
1020,10.14%
1022,49.6%
1023,37.6%
1024,29.9%
1025,19.7%
1027,54%
1036,5.5 percent
1044,1.3 percent
1046,0.6%
1052,Twenty-seven percent
1053,26 percent
1054,twenty-five percent
1059,56 percent
1068,28 percent
1079,2.7%
1086,0.24%
1093,75.1%
1106,0.62%
1109,"""100 percent"
1112,85%
1113,42%
1121,to10 percent
1123,138 percent
1124,twelve percent
1125,double-digit percent
1126,ninety percent
1132,72.4 percent
1133,15.7 percent
1134,4.7 percent
1137,4.3 percent
1146,17.7 percent
1147,9.9 percent
1149,29 percent
1152,93 percent
1163,48 percent
1168,-3.5%
1169,"""2%"
1170,1.0%
1172,17.9%
1173,32.1%
1175,200%
1177,27.7%
1178,36.8%
1179,29.2%
1181,25.1%
1184,15.9%
1185,28.3%
1195,78.8 percent
1200,98.1 percent
1205,4.4 percent
1216,0.9 percent
1221,77.4 percent
1224,77.8 percent
1227,78.3 percent
1231,4.8 percent
1236,78.5 percent
1252,16.5%
1254,53.5%
1258,11.0%
1259,8.7%
1260,18%
1268,2.56%
1269,45%
1270,75%
1271,230%
1279,Four percent
1280,Six percent
1294,6.8%
1295,3.9%
1296,11.5%
1298,4.4%
1300,28.5%
1303,10.3 percent
1304,15.2 percent
1308,10.3%
1309,20.6%
1310,22.0%
1316,33%
1319,1.45%
1320,1.58%
1322,141.2 percent
1323,4.28 percent
1326,-1.3 percent
1332,10.2 percent
1334,20.7 percent
1335,20.5 percent
1338,22.7%
1340,15.1 percent
1352,13.6 percent
1359,34.2%
1383,3.31%
1389,2.0%
1397,12.1 percent
1411,30.3 percent
1413,8.1 percent
1414,28.1 percent
1416,3.7 percent
1417,11.4 percent
1419,2.93 percent
1423,68%
1430,31%
1432,72%
1440,14.1%
1453,16.5 percent
1471,4.5%
1480,.10%
1484,18.4%
1485,25.6%
1491,2.86%
1492,3.4 percent
1493,2.9 percent
1494,7.9%
1500,year percent
1503,14.9 percent
1506,14.2 percent
1507,1.47 percent
1510,39 percent
1513,Eighty-six percent
1514,Fifty-four percent
1518,46 percent
1520,The percent
1535,1.12%
1537,5.3%
1543,57%
1544,normal percent
1560,5.6%
1562,130%
1565,2.25%
1569,1.84 percent
1577, %
1584,3.4%
1586,10.5%
1594,25-250%
1596,150%
1598,.1%
1599,77%
1600,4.2 percent
1603,11-12%
1604,-3.45%
1611,15.0%
1612,28.9%
1622,2.75%
1626,74.4%
1629,7.2%
1630,"""15.9%"
1632,97%
1641,41.5%
1664,1.33%
1668,.05%
1669,11.4%
1694,17.2 percent
1715,51.8 percent
1716,52.3 percent
1724,26.7 percent
1725,25.5 percent
1726,19.9 percent
1735,18 percent
1744,48.1 percent
1745,48.7 percent
1746,36.1 percent
1749,16.7 percent
1750,80.7%
1760,63 percent
1765,165.4%
1768,11.5 percent
1771,14.5 percent
1777,32 percent
1781,63%
1782,44%
1789,76%
1793,3.76%
1794,9.06%
1799,8.0%
1805,3.2%
1809,2.9%
1811,4.0%
1813,6.4%
1817,79%
1819,2.03%
1822,5.7 percent
1837,477 percent
1839,4.10 percent
1840,3.79 percent
1842,3.71 percent
1843,3.29 percent
1844,8.97 percent
1845,4.61 percent
1846,9.03 percent
1847,12.37 percent
1848,8.50 percent
1849,5.98 percent
1850,6.52 percent
1851,3.00 percent
1852,5.31 percent
1854,4.76 percent
1855,1.00 percent
1857,73%
1859,5.8 percent
1860,15.8 percent
1861,11.1 percent
1866,24 percent
1867,9.98 percent
1870,78%
1884,11.3%
1885,6.6%
1887,37%
1896,-8.2%
1897,44.4%
1898,3-5%
1905,3.3%
1914,26.6%
1918,5.4%
1922,5.8%
1924,14.6%
1927,98%
1938,5.6 percent
1940,-1.0 percent
1942,2.08%
1956,72.2%
1957,72.4%
1972,0.34 percent
1973,19.5 percent
1987,16.6%
1992,20.8%
1994,41%
2001,33.7%
2004,25.5%
2006,"""34%"
2013,24.2 percent
2014,21.5 percent
2016,2.1 percent
2018,8.69%
2019,0.13%
2020,11.6%
2023,3.03%
2024,5.0%
2030,66%
2032,3.73%
2034,small percent
2035,1.04%
2037,0.20%
2050,59.8%
2053,0.35%
2058,182%
2071,0.35 percent
2074,10-11 percent
2077,600%
2081,5-10%
2092,8.75%
2100,8.8 percent
2122,-47.5%
2124,76.8%
2126,12.3%
2132,0.18 percent
2134,flat percent
2136,.01%
2173,44.2%
2174,36.7%
2178,5.2%
2186,177.37%
2188,2-3%
2197,8-10%
2205,full percent
2209,1.30%
2211,8.95 percent
2216,95 percent
2225,18.75 percent
2226,12.5 percent
2235,23%
2236,6-8%
2245,58%
2247,51%
2252,82%
2256,87%
2260,86%
2261,media73%
2262,Islam74%
2266,86 percent
2268,17.3 percent
2270,5.27 percent
2275,20.4 percent
2276,19.0%
2277,20.4%
2283,-2%
2287,5.4 percent
2294,Ninety percent
2308,11.9 percent
2312,5.0 percent
2321,110.4 percent
2322,6.1 percent
2337,12.6%
2338,67%
2340,8.9%
2349,1.56%
2364,5.84%
2374,17.2%
2380,8.6 percent
2381,15.4 percent
2382,20.6 percent
2383,14.3 percent
2384,22.9 percent
2391,6.6 percent
2398,5.52 percent
2400,0.63 percent
2401,8.19%
2409,0.57%
2415,3.71%
2418,Eighty-eight percent
2434,-0.3 percent
2441,69 percent
2444,percent
2447,0.83 percent
2448,0.36 percent
2449,12.4%
2454,88.8 percent
2455,11.2 percent
2462,170 percent
2464,-3.8%
2476,8.98%
2477,9.98%
2484,87 percent
2488,1.27 percent
2493,8.4 percent
2495,12.4 percent
2496,15.3 percent
2499,15.0 percent
2500,22.2 percent
2505,1.33 percent
2511,1.18 percent
2512,1.53 percent
2515,0.81 percent
2519,0.15 percent
2521,1520%
2524,153%
2528,healthy percent
2543,0.50%
2549,2.28%
2555,11.8 percent
2557,16.3 percent
2565,18.5%
2570,97 percent
2571,-16 percent
2589,34.3 percent
2591,"2.2%"""
2596,-2.0 percent
2597,21.59%
2598,13.31%
2599,6.32%
2600,24.1 percent
2607,3.6 percent
2611,8.0 percent
2622,59 percent
2625,4.54 percent
2626,6.74 percent
2628,8.21 percent
2632,80.5%
2641,-2.8%
2649,6.8 percent
2668,70.6 percent
2679,15.9 percent
2691,.37%
2692,83%
2693,15.7%
2699,52%
2708,53.1 percent
2709,53.3 percent
2711,1.99 percent
2722,55.6%
2730,-3%
2731,-9%
2745,59%
2765,-0.9 percent
2773,7.5 percent
2779,3.99%
2784,2.6%
2786,5.9%
2793,98.22%
2794,57 percent
2818,2.46%
2834,33.5%
2835,24.6%
2836,6.2%
2837,20.3%
2838,7.1%
2839,27.1%
2844,teen percent
2853,same percent
2855,sub-2 percent
2862,77 percent
2865,76 percent
2873,22.8 percent
2874,25.2 percent
2894,8.3 percent
2897,55.1%
2898,56.4 percent
2915,households percent
2921,129%
2922,1.77%
2940,0.0 percent
2944,0%
2947,64 percent
2968,8.5%
2971,1000%
3014,15.6 percent
3027,28.8 percent
3031,3.77%
3036,-5.9 percent
3039,27.5 percent
3040,41.5 percent
3042,41.7%
3046,23.5 percent
3047,26.5 percent
3070,51.9 percent
3080,19.8%
3085,46.1%
3087,135%
3088,"""97%"
3094,"""Ten percent"
3095,74.3%
3106,163.4%
3113,Sixty-six percent
3114,26.5%
3116,82 percent
3122,51.3%
3123,84%
3124,49.1%
3127,78.2%
3134,173%
3139,62.6%
3141,2.25 percent
3152,5.63%
3195,1.60%
3215,96 percent
3216,565%
3220,34.1%
3221,18.8%
3223,19.9%
3227,effective percent
3229,3000%
3243,6.9%
3293,19.6%
3294,10.9%
3297,four percent
3299,42.4%
3309,than8%
3340,30-50%
3350,140%
3353,88 percent
3373,13.8 percent
3382,sub-40%
3386,5.7%
3390,90th percent
3391,10.0 percent
3392,13.1%
3393,9.7%
3400,0.28%
3401,0.55%
3409,to3 percent
3423,4percent
3431,shocking percent
3437,47 percent
3438,81 percent
3451,1.39%
3454,10-25%
3460,53percent
3461,72percent
3462,85percent
3463,12.46%
3479,72 percent
3499,0.0005%
3500,300 percent
3501,7.59%
3504,6-8 percent
3508,-0.2 percent
3520,55.9%
3522,8.1%
3539,1.20%
3552,8.7 percent
3569,13.4 percent
3620,-6.9%
3626,3-5 percent
3627,5-10 percent
3630,12.98 percent
3631,12.98%
3632,18.11%
3634,-0.0 percent
3636,Fifty percent
3638,Twenty-five percent
3649,2.84%
3659,11.92 %
3671,6.0%
3697,-2.0%
3699,13.3 percent
3706,"""percent"
3707,cumulative percent
3713,5.25%
3734,15.73%
3746,16.0 percent
3754,nonperforming130%
3755,billion100%
3765,as percent
3766,385%
3785,Eighty percent
3806,12.83%
3810,-0.7%
3812,6.3%
3813,32.6%
3815,0.78%
3830,.25%
3834,99.99%
3841,36%
3857,9.8%
3859,64%
3861,83.5%
3862,79.8%
3868,400%
3870,12.2%
3874,14.7 percent
3875,15.1%
3879,-0.04%
3881,estimated percent
3884,10.9 percent
3902,0.39%
3903,0.68%
3922,40-50 percent
3925,15-20 percent
3937,1.23%
3938,8.85%
3946,1.29 percent
3951,1-2 percent
3953,8.5 percent
3969,22.5 percent
3974,-0.7 percent
3975,-1.5 percent
3976,of percent
3977,supercent
4003,124%
4046,1.92%
4048,99.5%
4050,0.15%
4057,YoY percent
4070,23.8 percent
4071,18.9 percent
4078,3.2 %
4091,12.9 percent
4105,54 percent
4137,4.46%
4148,80.9%
4155,96%
4180,even100 percent
4182,13.0%
4217,3.85%
4218,8.36%
4222,90-99th percent
4244,60-day percent
4247,-2.9%
4248,0.34%
4251,9.00%
4252,-7.67%
4254,81.4%
4257,-1.8%
4260,19-36%
4267,125 percent
4271,-1.4 percent
4286,-0.04 percent
4301,4.216%
4302,2.93%
4306,45.7 percent
4365,that percent
4374,1.53%
4381,14.6 percent
4385,-3.8 percent
4389,18.1 percent
4390,10.5 percent
4411,6.84 percent
4412,0.88 percent
4413,5.44 percent
4414,0.65 percent
4436,2.59%
4456,28.4 percent
4457,31.7 percent
4458,34.4 percent
4460,24.8 percent
4462,33.0 percent
4472,660 percent
4475,0.40 percent
4483,Hundred percent
4486,67 percent
4494,10.4 percent
4499,-2.78%
4511,19.8 percent
4526,69.5 percent
4527,11.6 percent
4540,4.83 percent
4541,4.17 percent
4550,-50%
4567,10.67%
4605,91.9%
4606,71 percent
4617,18.11 percent
4630,1.01 percent
4631,1.70 percent
4643,128%
4651,110%
4655,125%
4663,our percent
4673,ownership percent
4682,320%
4702,-4.7%
4719,-19.9%
4720,38.7%
4724,.6%
4732,fixed percent
4773,0.5 %
4789,1.256%
4790,67.7%
4791,128 percent
4802,relative percent
4804,39.9%
4806,105 percent
4826,sub-2%
4832,14.11%
4835,4.7%
4837,mid-5%
4846,9.25%
4848,1.37%
4859,annualized percent
4866,1.63 percent
4887,97-99 percent
4895,9.9%
4899,10.8 percent
4900,sixty percent
4905,"""20 percent"
4910,56%
4914,30.2%
4926,1.75%
4928,200 percent
4948,114 percent
4961,20-30 percent
4962,10-15 percent
4967,1-3 percent
4969,2-4 percent
4971,thirty percent
4975,Sixty-three percent
4978,Twenty-eight percent
4979,Thirty-six percent
4980,Sixty percent
4987,EmploymentSixty-one percent
4989,Forty-three percent
4993,400 percent
4995,15.5 percent
5004,fifteen percent
5020,22.62%
5039,10.2%
5046,4.50%
5051,21.8 percent
5056,20.97 percent
5074,91%
5077,41.8 percent
5080,30.5 percent
5082,29.5 percent
5084,117 percent
5086,230 percent
5109,-0.9%
5114,-1.5%
5131,3.612 percent
5132,5.222 percent
5137,23.6 percent
5139,14.4 percent
5145,49.6 percent
5150,YoY%
5151,89 percent
5152,4000 percent
5155,485 percent
5166,-1.75 percent
5181,13.2%
5184,63.5 percent
5196,30-50 percent
5223,14.7%
5235,0.12%
5240,9.41 percent
5242,14.59 percent
5243,12.11 percent
5247,record-low percent
5255,-1.7%
5282,67.2 percent
5294,"""87 percent"
5310,ftc%
5312,-11%
5314,115%
5315,42.1%
5319,80-90 percent
5322,Forty-nine percent
5323,70-80%
5324,growing percent
5329,373%
5332,11.7%
5345,79.9 percent
5348,79.9%
5353,26.33 percent
5354,44.8 percent
5355,24.72 percent
5356,26.23 percent
5358,0.95 percent
5359,12.78 percent
5376,000%
5378,your percent
5388,"3 percent"""
5389,seven percent
5392,-1.2%
5394,43%
5397,11.1%
5398,26.4%
5406,6.11 percent
5418,shows percent
5429,46%
5438,340 percent
5454,85 percent
5465,99.9 percent
5477,0.99%
5479,0.44%
5481,8.4%
5483,9.6%
5508,175 percent
5513,2y%
5522,greater percent
5523,service--the percent
5528,57.8 percent
5542,319 percent
5545,eight percent
5548,to15 percent
5571,-0.17%
5594,99.5 percent
5595,79.6 percent
5616,61 percent
5628,46.5 percent
5632,1.45 percent
5633,6.75%
5635,big percent
5655,50.0%
5656,31.2%
5663,6.75 percent
5695,300%
5712,-7%
5750,4.65 percent
5769,certain percent
5794,Sixty-five percent
5803,0.76 percent
5807,21.8%
5828,-5.50%
5876,110 percent
5885,1015%
5892,79.5 percent
5905,-1.25%
5924,-0.6 percent
5943,Sixty-eight percent
5944,Seventy-nine percent
5946,Seventy-six percent
5949,Seventy-eight percent
5962,Twenty-four percent
5984,8.59%
5985,-7.18%
5987,5.56%
5988,4.24%
5989,5.46%
6005,-1.6 percent
6008,68 percent
6013,91 percent
6014,67.3 percent
6017,greatest percent
6018,20percent
6020,40percent
6024,-single-digit percent
6025,10-20%
6030,the %
6033,Intelligence %
6034,2.35%
6046,some percent
6055,440%
6056,700%
6069,9 %
6071,0.03 percent
6080,12-15 percent
6090,2.19%
6092,-1.49%
6095,32.93%
6102,-0.44%
6108,-19.75 percent
6109,653 percent
6114,4.1 percent
6119,1.55%
6121,Sixteen percent
6126,LEI percent
6131,9.56 percent
6134,0.47 percent
6146,242%
6155,13.1 percent
6157,"""100 percent"""
6169,1-2%
6183,13.7 percent
6193,8.08 percent
6194,7.85 percent
6195,1.02 percent
6196,0.92 percent
6200,2.7 percent
6221,68.0 percent
6244,eighty percent
6261,0.75%
6262,"10 percent"""
6299,15-20%
6310,-2.50%
6335,15.26%
6340,130 percent
6342,129 percent
6360,1.26%
6367,and percent
6375,These percent
6376,52.6%
6401,0.21 percent
6402,59.4 percent
6412,92%
6413,30.5%
6424,2.43 percent
6436,0.08 percent
6442,37.5%
6443,62.5%
6458,144 percent
6466,25-30 percent
6469,24.5%
6471,30.7%
6497,5.58 percent
6500,51.3 percent
6501,52.2 percent
6521,3.0%
6522,smaller percent
6527,6.37 percent
6529,value percent
6536,-2.3 percent
6544,7.6%
6545,-4.3%
6553,13.2 percent
6560,52.9 percent
6579,60.9 percent
6592,631%
6593,33.8%
6602,higher percent
6606,-13%
6607,0.99 percent
6608,-1.3%
6611,-2.40 percent
6612,-14 percent
6613,-20 percent
6637,87th percent
6639,most percent
6640,50.6%
6647,1.86%
6668,91.2%
6669,81.0%
6670,64.6%
6672,-2.4%
6675,27.9%
6677,1.29%
6680,1.72%
6682,2.92%
6700,"""Fifty-seven percent"
6721,0.09%
6730,0.425 percent
6735,42.3 percent
6756,58.5%
6764,16.9 percent
6767,63.3 percent
6768,64.1 percent
6769,63.7 percent
6770,63.8 percent
6780,0.12 percent
6781,1.12 percent
6785,0.60 percent
6808,17.79 percent
6829,100000000000%
6845,37.59 percent
6851,20.9 percent
6852,34.7 percent
6860,19.7 percent
6870,27.6 percent
6875,on percent
6878,9.5%
6890,1.75 percent
6891,1.95 percent
6900,-22.5%
6905,-4.5%
6906,343 percent
6907,201 percent
6909,11.7 percent
6915,78 percent
6918,single-digit percent
6954,350%
6965,1.81%
6970,0.22%
6974,11.3 percent
6979,2.43%
6980,2.17%
6981,2.47%
7016,-0.8%
7018,0.52%
7020,0.77%
7027,26.3 percent
7028,54.5 percent
7029,16.2 percent
7030,10.1 percent
7039,12.8 percent
7040,22.6 percent
7041,single-day percent
7051,198 percent
7052,0.25%
7064,16.1%
7067,31.4%
7075,27.2%
7089,442%
7098,appreciable percent
7099,-0.0%
7133,3.48%
7134,3.53%
7158,42.9%
7159,36.1%
7160,32.3%
7161,27.6%
7163,240%
7165,29.5%
7194,Two percent
7233,20.9%
7234,21.3%
7235,20.2%
7248,ten percent
7274,30-35%
7280,significant percent
7282,40.3%
7287,50.66%
7303,7.0%
7310,17.4%
7311,600 percent
7313,0.05%
7315,same %
7342,60-70%
7351,105%
7385,2.58 percent
7386,-7.6 percent
7400,.4 percent
7420,141%
7433,78.5%
7442,-0.3%
7469,43.0%
7472,33.0%
7475,16.7%
7508,-12%
7516,6-7 percent
7522,thirty-five percent
7527,72.8 percent
7536,900 percent
7555,175%
7559,CITY %
7560,9.04%
7561,7.54%
7562,7.30%
7563,7.15%
7564,6.82%
7565,5.16%
7566,5.06%
7567,4.28%
7568,4.15%
7569,4.09%
7571,3.62%
7572,3.43%
7573,3.16%
7575,2.11%
7576,1.87%
7577,1.79%
7578,1.51%
7579,1.43%
7580,1.41%
7582,1.34%
7584,1.03%
7585,0.98%
7586,0.59%
7587,0.53%
7588,0.47%
7605,0-90%
7619,-.03%
7627,17.1 percent
7645,2.87%
7652,7percent
7661,14.32 percent
7680,2.67%
7695,obscene percent
7719,18.0 percent
7720,58.8 percent
7722,-1.77%
7727,-4.0%
7733,101%
7737,11.2%
7766,13.4%
7771,74%
7779,250%
7789,126%
7797,51.2 percent
7843,16.8%
7856,"""Three percent"
7857,43.03%
7858,12.75%
7859,18.75%
7864,73.33%
7865,21.64%
7873,"""The percent"
7885,217%
7910,16.8 percent
7914,Thirteen percent
7916,3.57 percent
7918,Thirty-seven percent
7933,26.1 percent
7956,30-60 percent
7960,s1%
7968,"""90%"""
7970,1.267%
8003,138%
8028,3.54%
8048,10.4%
8051,0.56%
8054,2.57%
8072,10-11%
8077,"""90%"
8090,-4.8%
8129,326 percent
8149,sub-1%
8150,27.2 percent
8190,0.24 percent
8191,0.01percent
8201,12.6 percent
8208,1.03 percent
8209,1.5percent
8250,"""13 percent"
8276,1.74%
8279,0.30%
8284,4.01%
8288,40.1 percent
8338,Twenty percent
8343,-1.0%
8365,30.6%
8368,0.21%
8386,2.06%
8394,18 %
8404,9.32%
8405,1.24%
8420,21.5%
8421,15.6%
8442,3.61%
8454,5-9%
8467,50.2 percent
8477,-1%
8483,-0.4%
8488,13.07%
8489,6.34%
8536,238%
8543,63.3%
8548,-4%
8582,22.5%
8599,8.8%
8618,0.08%
8623,non-trivial percent
8631,40-60%
8645,6.09 percent
8651,1-3%
8662,17.7%
8671,3.25%
8678,-21%
8679,6.59%
8690,1.65%
8692,"""1%"
8724,260%
8728,90-100%
8732,160%
8734,104%
8747,16.48%
8753,16.4 percent
8789,1.54 percent
8815,"20%"""
8826,3.36%
8831,40-50%
8841,5-2%
8849,37.8%
8860,57.2%
8861,49.2%
8862,-2.7%
8880,0.48%
8896,7.25%
8899,3-4 percent
8906,24.5 percent
8923,-8.5%
8926,24.041%
8927,1.47%
8928,3.33%
8929,-1.83%
8930,-3.18%
8940,"""93%"
8966,5.73%
8980,0.25 percent
8989,0.88%
8996,67.3%
9018,9.41%
9046,huge percent
9048,145%
9059,annual percent
9067,182 percent
9069,204 percent
9078,537 percent
9081,800 percent
9094,142%
9097,21.01%
9098,than20 percent
9114,18.3%
9115,12.8%
9119,mid-20%
9129,Zero %
9137,2013 percent
9148,68.7%
9172,4.0 percent
9183,15--20%
9195,44.1%
9221,63.0%
9222,61.9%
9229,-3.37%
9247,21.1%
9304,14.2%
9305,"""58%"
9315,1.31%
9329,81%
9351,14.3%
9371,As %
9421,96.88%
9422,96.9%
9425,28.2%
9439,19.5%
9441,619 percent
9442,000 percent
9451,50.8 percent
9452,21.3 percent
9463,5-7%
9484,2.09%
9488,76.9%
9507,12.0%
9529,29.1%
9536,57.95%
9544,70.73%
9555,forty percent
9574,71%
9580,them16%
9607,mid-90 percent
9610,396%
9617,32.2%
9644,22.1 percent
9662,42.5%
9668,0.93%
9707,14.8%
9711,9.4%
9737,2700%
9784,1.63%
9796,57.1%
9810,121%
9825,50.3%
9854,11-33 percent
9883,103%
9900,34.3%
9905,2.01%
9934,Forty-one percent
9938,0.315 percent
9991,-4.2%
9992,-10.3%
9993,-5.3%
9995,27.3 percent
9996,41.6 percent
9997,8.9 percent
9998,25-50%
10030,1.50%
10042,0.32%
10054,0.01%
10074,"1%"""
10081,2.15%
10094,46.4%
10102,204%
10103,2.10%
10104,-2.11%
10107,Eight percent
10112,18.8 percent
10116,16.6 percent
10121,meaningful percent
10125,10.87%
10127,9.35%
10129,1.32%
10130,10.17%
10139,2.05%
10160,208%
10167,146%
10169,0.10%
10199,-27%
10203,18.9%
10246,sub-3%
10254,52.1%
10255,32.3 percent
10265,5.85%
10291,3.337%
10292,1.182%
10295,this percent
10324,-1.9%
10334,0.28 percent
10359,third-quarter percent
10373,more percent
10384,99.99 percent
10389,2.23 percent
10398,0.05 percent
10410,21.9 percent
10416,2.16%
10421,25.9%
10457,7.49 percent
10476,20-24%
10483,14.7 %
10491,4.75 percent
10510,2.65%
10511,9.03%
10512,7.52%
10552,5.38%
10554,7.91%
10572,0.50 percent
10640,45.0%
10641,27.8%
10644,6.35%
10678,-2.30%
10680,2.12%
10687,-38%
10706,plus percent
10722,660%
10743,4.13%
10744,5.72%
10754,10-20 percent
10760,twenty-two percent
10763,Forty percent
10767,Fifty-seven percent
10776,EmploymentFifty-five percent
10810,Sixty-one percent
10818,270 percent
10824,2.02%
10825,4.12%
10843,46.2%
10850,220 percent
10883,3.59%
10902,17.6 percent
10913,4.36%
10914,5.95%
10939,50-60%
10952,one-half percent
10953,1.42%
10963,7.51%
10968,low percent
10969,8.29%
10970,6.66%
10999,63.2%
11004,daily percent
11019,180%
11024,year37 percent
11049,22.8%
11054,45.8%
11067,22.1%
11068,15.8%
11072,245%
11090,15.4%
11095,38.4%
11103,4.22%
11104,7.84%
11109,30.0%
11127,2.22%
11129,165%
11130,123%
11137,8.95%
11142,2.20%
11143,-9 percent
11145,8.34 percent
11146,12.7 percent
11149,.5%
11184,5.24%
11191,0.0004%
11194,1.76%
11202,6.82 percent
11204,1.76 percent
11209,227%
11226,2.04%
11246,2.26%
11248,6.49%
11250,4.03%
11266,0.66 percent
11267,2.95 percent
11268,2.57 percent
11269,2.41 percent
11273,Thirty-five percent
11275,Thirty-nine percent
11286,2.29%
11289,21.6 percent
11306,21.7%
11308,32.8%
11316,4.375%
11330,79 percent
11344,0.02 percent
11350,45.4%
11369,17 %
11383,16.2%
11400,35.8%
11405,2.18%
11410,3.355%
11411,51.7%
11413,40.2%
11420,46.6%
11423,19.6 percent
11425,35.2%
11434,57.6%
11458,6.25%
11474,7.75 percent
11475,6.00 percent
11477,5.75 percent
11478,4.25 percent
11488,18.7%
11498,-25%
11508,2.14%
11529,77.6%
11530,77.8%
11547,75.8 percent
11550,75.9 percent
11553,77.3 percent
11567,27.8 percent
11577,28.6%
11582,82.20%
11583,41.15%
11584,64.29%
11585,4.33%
11609,78.3%
11621,"47 percent"""
11625,One-hundred percent
11635,"1 percent"""
11650,to percent
11719,"""17%"
11722,-3.1%
11732,-6.4%
11749,1.88%
11756,43.4 percent
11765,10.77%
11766,12.85%
11772,1.66%
11794,2.33%
11796,2.21%
11797,2.32%
11800,2.31%
11822,4.20%
11829,-1.74%
11830,-0.75%
11835,2.41%
11851,2.44%
11858,4.18%
11868,2.40%
11879,Thirty-three percent
11917,2.53%
11921,376%
11931,36.67%
11937,1.38%
11942,0.38%
11959,-6.11%
11960,-7.53%
11961,5.90%
11962,472%
11963,166%
11965,11.34%
11971,2.48 percent
11972,-0.19 percent
11974,108 percent
11980,0.96%
11981,8.4920%
11982,13.44%
11983,7.90%
12002,116%
12005,sextillion percent
12031,-1.03%
12038,0.40%
12040,24.1%
12041,18.2%
12050,4.49%
12054,2.67 percent
12055,3.74 percent
12061,82.9%
12062,91.0%
12064,144%
12085,2.63%
12086,33.3%
12094,9.0%
12119,6-7%
12142,5.39 percent
12143,16.81 percent
12144,12.07 percent
12151,80th percent
12153,19.1 percent
12155,20.3 percent
12162,12.05%
12165,3 %
12191,4.76%
12193,5.7360%
12198,2.54%
12204,-7.7%
12209,1.484%
12225,207%
12229,45.2%
12231,46.9%
12233,53.4%
12234,54.8%
12236,56.6%
12237,60.6%
12238,61.4%
12239,62.7%
12240,6.57%
12245,5.66 percent
12247,7.26 percent
12256,plotting percent
12259,2.52%
12265,0.33 percent
12276,14.0 percent
12280,12.0 percent
12283,0.57 percent
12316,2.48%
12317,4.57%
12323,2.64%
12331,limited percent
12332,3.93 percent
12341,25.4 percent
12354,enough percent
12445,5.63 percent
12450,1.85 percent
12453,6.16 percent
12459,5-8%
12472,26.8%
12486,final percent
12529,to400%
12542,13.25%
12543,9.15%
12570,5.66%
12577,5.48%
12600,5.71 percent
12603,36.6 percent
12618,68.45%
12621,30.8%
12634,.8%
12635,3.34 percent
12636,4.46 percent
12666,13.74%
12667,13.81%
12668,16.29%
12669,16.84%
12670,19.42%
12671,5.61%
12672,17.11%
12677,51.7 percent
12682,1.79 percent
12683,4.79 percent
12684,0.055 percent
12685,81.5 percent
12688,18.5 percent
12717,145 percent
12740,-15.7%
12742,-17.1%
12743,-18.0%
12744,-9.6%
12759,respondents53 percent
12780,3.64%
12781,4.29%
12786,2.70%
12813,4.625%
12849,49.5%
12899,83 percent
12913,294%
12914,111%
12921,-3.00%
12951,1.88 percent
12965,of %
12982,5.44%
13044,31.7%
13048,3.75%
13057,-16.0%
13084,83.9 percent
13087,-7.0%
13088,-5.2%
13138,4.51%
13145,4.55%
13150,9.1%
13152,-7.5%
13158,.2%
13167,13.5%
13169,full-time percent
13170,26.9%
13171,23.1%
13185,42.6 percent
13203,-6.5%
13207,7.24%
13217,27.7 percent
13218,4.58 percent
13220,3.46 percent
13248,10.8%
13249,20.1%
13256,-0.69%
13257,0.11%
13273,0.375%
13310,28.29%
13324,7.86%
13325,0.49%
13348,similar percent
13381,largest percent
13401,10.0%
13482,with percent
13489,-65%
13504,2.38%
13516,-5.5%
13517,34.4%
13526,89.9%
13532,10.25%
13580,smallest percent
13614,30.4%
13616,5.50%
13618,2.76%
13621,each percent
13658,73.4 percent
13689,-2.40%
13702,26.2%
13708,a469%
13737,2.55%
13751,45.6 percent
13785,33.1%
13790,27.0%
13793,4.85%
13794,Some percent
13798,3.58 percent
13830,-1.52%
13831,3.35%
13916,99.8%
13918,26.2 percent
13923,63.4%
13934,18.6 percent
13936,65.4 percent
13952,1.52%
13953,0.14%
13954,2.36%
13966,1140%
14031,42.5 percent
14038,multi-hundred percent
14042,800%
14047,33.2%
14090,-8%
14093,68.4%
14104,-2.41%
14129,36.9%
14130,36.5%
14148,"""47%"""
14151,Ninety-six percent
14158,than20%
14167,45.7%
14189,13.8%
14207,92.2%
14248,145-150%
14294,967%
14299,1.10%
14313,-23%
14314,650%
14359,17.74%
14417,74.2%
14419,24.8%
14420,80.6%
14421,249.3%
14423,291.1%
14424,68.0%
14437,-0.10%
14438,-0.56%
14451,5-15%
14477,58.7 percent
14492,66.40 percent
14516,Eighteen percent
14521,0.65%
14527,4.31%
14572,12.17%
14577,winning percent
14585,7.25 percent
14595,286%
14599,32.7%
14600,73.1%
14603,12.2 percent
14615,1.05%
14677,-2.6%
14694,2.69%
14731,0.41 percent
14742,2.62%
14744,4.21%
14754,-23.3%
14784,unprecedented percent
14792,22.6%
14805,19.3%
14822,13.7%
14833,30.1%
14834,69.9%
14836,Fifty-three percent
14837,Fifteen percent
14841,-8.8%
14842,-14.1%
14860,0.06%
14883,3.37 percent
14891,29.3%
14895,-1.20%
14896,-0.03%
14897,-0.011%
14898,16.9%
14929,2.39%
14930,0.71%
14936,080%
14941,23.4%
14951,83.3%
14953,28.4%
14967,900 %
14968,400 %
14969,600 %
14970,100 %
14971,700 %
14972,800 %
14976,200 %
14977,000 %
14986,16.46%
14988,-76%
15034,Eighty-four percent
15045,-11.3percent
15055,1.44 percent
15071,156%
15077,19.2%
15086,possible percent
15094,-11.8%
15137,Seventy-two percent
15153,17.6%
15154,147%
15157,staggering percent
15164,64.9%
15165,37.7%
15167,343.74%
15174,15.5%
15201,50-80%
15228,20.7%
15258,-5.4%
15264,106%
15296,-0.07%
15297,-0.13%
15299,-1.26%
15304,4.73%
15370,2.85%
15373,-33%
15389,8.6 %
15397,0.77 percent
15400,40-70%
15409,28.8%
15419,730%
15420,0.92%
15423,0.74%
15436,"""75%"
15445,20-25%
15454,2.74%
15487,0.76%
15491,20 %
15511,StatisticsThe percent
15512,-11.75%
15517,Forty-two percent
15535,71.9%
15536,66.4%
15537,224.4%
15538,47.2%
15539,23.3%
15561,11.38 percent
15562,9.77 percent
15564,19.3 percent
15571,-1.43%
15572,-1.37%
15573,-1.35%
15574,-1.60%
15595,0.90%
15603,77.9%
15637,2.79%
15644,53.2%
15645,48.3%
15674,3.17 percent
15725,-15.99%
15726,150.62%
15790,18.4 percent
15816,60.71%
15817,39.29%
15821,-1 percent
15822,46.59%
15828,30-40%
15841,2.88%
15899,16-week percent
15905,-4.4%
15907,-3.2%
15926,2.81%
15935,-1.1 percent
15940,0-2%
15979,"""One percent"
15997,3.57%
16044,2.94%
16085,31.8%
16086,36.4%
16105,332%
16106,177%
16109,8-9%
16111,4-5%
16113,10-12%
16138,extraction percent
16148,2.90%
16151,2.80 percent
16153,2.09 percent
16155,8.26 percent
16164,9.02%
16165,-7.54%
16185,4.44 percent
16188,146 percent
16199,362.2%
16202,beneficiary-intensive percent
16207,25.7%
16267,10.6 percent
16287,6.27%
16297,-13.1%
16315,58.0%
16321,20.1 percent
16324,17.4 percent
16326,12.07%
16330,24.9%
16338,.75%
16365,Seventy percent
16369,240 percent
16373,6.53%
16381,4.58%
16394,7.70%
16395,7.79%
16400,-32%
16418,-2.5%
16426,0.80%
16431,3.10%
16461,16.1 percent
16471,0.59 percent
16496,0.84%
16498,0.72%
16499,195%
16500,6.03%
16501,1.11%
16512,-1.24%
16529,Fifty-eight percent
16532,2-3 percent
16533,1.62 percent
16537,24.0%
16568,1.67%
16574,-0.87 percent
16575,-1.39%
16576,-1.33%
16590,55.4%
16591,54.4%
16638,310 percent
16649,5.22%
16650,1.13%
16652,4.89%
16681,55.7 percent
16687,42.2 percent
16688,52.5 percent
16690,63.2 percent
16693,62.4 percent
16696,50.5 percent
16700,47.5 percent
16702,42.7 percent
16708,49.7 percent
16711,55.5 percent
16727,44.8%
16767,quarter percent
16795,seventeen percent
16797,Seventy-five percent
16798,seventy-three percent
16800,twenty-one percent
16843,3.876%
16844,0.534%
16860,1.618%
16861,161.8%
16885,2.95%
16921,23.7%
16922,0.63%
16925,34.0%
16929,2.89%
16941,2.96%
16957,0.10 percent
16961,1.25 percent
16979,37.9%
16987,283%
16990,-1.1%
17034,2.37%
17039,60-65%
17063,-6.2%
17064,-5.8%
17071,4.25%
17093,-1.6%
17101,51.92%
17120,.32%
17151,-1.27%
17195,29.6%
17196,34.6%
17214,2.946%
17230,4.80%
17231,4.84%
17237,39.4%
17240,41.1%
17252,17.1%
17300,362%
17306,several percent
17319,7.13 percent
17333,56.3%
17348,28.85%
17357,1.08%
17385,2.78%
17406,95th percent
17431,near-0%
17466,-6.6%
17470,mid-30 percent
17513,-0.25%
17525,2.77%
17572,0.55 percent
17583,33.33%
17586,-0.26%
17608,"""100%"
17613,27.1 percent
17617,81.4 percent
17618,104.2 percent
17627,-0.73%
17631,35-37 percent
17644,441%
17661,7.50 percent
17662,2.55 percent
17677,-0.36%
17678,-0.84%
17702,32.9 percent
17706,"""What percent"
17744,58.5 percent
17757,36.2%
17762,0.64%
17805,"50%"""
17837,12.39%
17841,alarming percent
17851,96.5%
17862,-5%
17868,39.5%
17893,79.2%
17912,44.7%
17914,43.6%
17941,99.7%
17976,59.25%
17981,4.32%
17983,3.40%
18054,136%
18056,1.15%
18083,1.32 percent
18084,74.8 percent
18088,13.83 percent
18090,4.15 percent
18093,43.5 percent
18099,10.36 percent
18101,1.61 percent
18124,332 percent
18148,2.64 percent
18149,2.45 percent
18163,3.65%
18206,3.06%
18214,8.62%
18220,into percent
18226,14.95%
18232,matching percent
18233,1.83%
18234,10.52%
18265,Seventeen percent
18269,463%
18272,1.365%
18291,56.1%
18308,41.9%
18317,"""70%"
18338,55.7%
18339,53.3%
18359,434%
18363,9.29%
18404,2.60%
18417,0.69%
18433,98.9 percent
18434,68.5 percent
18435,94.2 percent
18467,Zero percent
18475,69.5%
18484,-3.41%
18495,134%
18507,0.29 percent
18520,9.28%
18525,applicable percent
18542,3-3%
18548,0.85%
18553,115 percent
18569,"""9%"
18570,"""4.2%"
18612,future percent
18613,25-35%
18623,"""zero percent"""
18633,-15%
18634,.15%
18635,-16%
18641,170%
18649,5.97%
18668,25.59%
18677,11.35 percent
18678,14.47 percent
18680,2.71 percent
18681,6.99 percent
18682,3.03 percent
18683,5.50 percent
18685,4.20 percent
18689,3.58%
18707,net percent
18709,owned16 percent
18713,20.06 percent
18787,Kaskesays77%
18810,0.001387015%
18814,117%
18843,Fifty-two percent
18852,93.7%
18854,"""80%"
18864,28.5 percent
18877,1.36%
18879,8.32%
18885,-2.85%
18922,-2.2%
18931,.3%
18956,49.4%
18976,-0.62%
18977,-0.77%
18978,0.02%
19022,30.4 percent
19030,85-86%
19044,-5.07%
19172,89%
19175,"""46%"
19202,5-6 percent
19215,-to-date percent
19222,72.9 percent
19244,couple percent
19291,18.0%
19293,33.6%
19357,41.0%
19360,30.3%
19363,16.3%
19364,60.7%
19399,Nineteen percent
19407,fell-5%
19417,18.6%
19419,-3.3%
19431,0.06 percent
19441,0.51%
19466,3.52%
19475,-34.6%
19502,60.5%
19517,457%
19526,15th percent
19605,2.35 percent
19629,4.37%
19636,457 percent
19650,2.49%
19664,-0.5 percent
19674,-0.69 percent
19689,found63%
19704,414%
19781,260 percent
19825,-1.7 percent
19833,ero percent
19846,57.5%
19851,45-50%
19882,1.16%
19889,8.375 percent
19901,"""59%"
19904,"""27%"
19939,38.5%
19953,84 percent
19966,0.03%
19972,5-3%
20045,1000 percent
20047,-0.70%
20083,19.0 percent
20094,12.82%
20105,12.31%
20108,monthly percent
20122,Eighty-nine percent
20207,180 percent
20239,8.31 percent
20240,176%
20245,decreasing percent
20246,enormous percent
20288,"""72%"
20340,25.7 percent
20346,29.2 percent
20347,163.4 percent
20348,15-25 percent
20379,-0.08%
20396,Fifty-five percent
20409,upper-2%
20416,"""Eighty percent"
20417,twenty percent
20429,500 percent
20462,as %
20484,347%
20485,197%
20496,28.7%
20505,2.66 percent
20506,0.13 percent
20523,-20%
20534,38.6 percent
20536,14.46 percent
20537,13.17 percent
20538,31.97 percent
20541,82.9 percent
20572,-10.7%
20586,55-60%
20590,-14%
20598,11-13%
20611,25-30%
20630,fifty percent
20632,26-28%
20639,358%
20657,56.2%
20668,50-60 percent
20705,85-80 percent
20743,-0.95%
20749,81.5%
20751,41.3%
20831,89.8%
20833,21.4%
20835,98th percent
20847,2.45%
20857,470%
20863,62.8%
20865,67.9%
20870,2.73%
20908,40-55%
20922,-2.14%
20923,-0.47%
20927,0.29%
20932,4.65%
20962,20.79%
20966,Three percent
21056,"50 percent"""
21092,151%
21125,9.44 percent
21151,-5.9%
21158,5th percent
21165,9th percent
21213,4.16%
21221,3.24 percent
21230,71.8%
21232,22.2%
21245,66.2%
21259,56.5%
21260,a16 percent
21297,258 percent
21304,0.45 percent
21306,1.16 percent
21328,6.90 percent
21329,6.46 percent
21330,18.19 percent
21344,Ninety-two percent
21345,Ninety-one percent
21384,9.77%
21403,1.95%
21406,2.71%
21413,-0.58%
21440,46.8%
21454,it12%
21489,270%
21522,3.00%
21544,3-6%
21554,"""10%"
21576,wage percent
21582,8-11%
21602,3.89%
21608,85-90%
21609,many percent
21637,4.35%
21647,21.15 percent
21648,143 percent
21649,213 percent
21668,16.87 percent
21669,10.40 percent
21724,32.4%
21734,spent70 percent
21750,CPI %
21761,-2.47%
21765,-1.31%
21797,battery percent
21810,actual percent
21817,exact percent
21822,39.2%
21830,132%
21861,another percent
21877,0.31%
21900,What %
21909,laggedpercent
21938,0.43%
21940,25.3%
21959,tiny percent
21961,50.9%
21967,covering61%
22008,13.29%
22032,3.25 percent
22061,rising percent
22089,2.20 percent
22179,24.4%
22180,41.2%
22181,57.4%
22235,759%
22236,706%
22263,76.2%
22266,0.008%
22276,least65%
22291,19.1%
22338,material percent
22363,8.66 percent
22364,1.89 percent
22365,81.08 percent
22366,0.84 percent
22493,25.4%
22540,72.1 percent
22581,0.07%
22627,16.4%
22628,85.5%
22629,17.8%
22633,its percent
22705,24.3%
22712,22.3%
22732,rate percent
22738,4.63 percent
22760,5.67%
22762,15.85%
22773,sub-8%
22790,"4%"""
22795,60.8%
22806,3.5 %
22818,900%
22860,188 percent
22902,8.84 percent
22905,150 percent
22911,homeowner percent
22912,Household percent
22913,household percent
22915,50.7%
22944,63.5%
22946,0.04 percent
22949,median percent
22980,58.2%
22982,43.9 percent
23001,17.8 percent
23007,312%
23008,328%
23010,847%
23062,34.8%
23114,1.78%
23135,27.4%
23174,0.33%
23188,98.5 percent
23208,"""26.7%"
23236,45.6%
23249,near-90%
23251,80-100%
23262,66.9%
23303,1.69%
23304,-1.69%
23306,36.74%
23308,48.18%
23328,35.1 percent
23331,21.1 percent
23333,33.1 percent
23337,2.05 percent
23367,122 percent
23368,132 percent
23377,Ten percent
23378,97.8%
23459,30-40 percent
23492,UBS71%
23528,131%
23561,between1%
23573,56.1 percent
23575,sizable percent
23581,6.33 percent
23582,2.92 percent
23585,10-12 percent
23637,5.25 percent
23651,136 percent
23673,50-250%
23686,7.06%
23707,0.41%
23709,.20%
23718,417%
23733,8.94%
23813,5.57 percent
23834,4.74%
23891,digit percent
23899,4.64 percent
23900,4.80 percent
23935,46-62%
23938,124.6%
23957,190 percent
23993,Thirty-four percent
24012,-on-year percent
24035,140 percent
24039,-7.7 percent
24046,30.55%
24051,13.04%
24059,3.02%
24082,59.6%
24085,62.0%
24086,57.3%
24097,346 percent
24127,2.54 percent
24135,14.9%
24143,Each percent
24169,33.5 percent
24192,5.76 percent
24195,9.25 percent
24215,56.2 percent
24248,"""100%"""
24286,20th percent
24311,-5.7%
24326,35-40 percent
24339,13.61%
24341,44.3%
24358,0.95%
24366,11-13 percent
24368,56.7 percent
24392,15.3%
24403,move percent
24405,Supercent
24438,56.9 percent
24543,31.3%
24566,36.8 percent
24603,70-90%
24613,96.4 percent
24614,see percent
24623,relatively percent
24640,traditional %
24699,15-16%
24795,14.72 percent
24796,7.20 percent
24797,8.58 percent
24844,2.42%
24853,910%
24855,510%
24873,"""30%"
24875,half percent
24885,1.94%
24888,41.4%
24957,1.15 percent
24987,24.84 percent
25077,34-36 percent
25099,-.26%
25105,48.6%
25106,84.9%
25135,9.73 percent
25169,million19%
25174,58.6%
25216,12.77%
25240,0.09 percent
25243,3.23%
25295,77.3%
25326,3.08%
25359,1.09%
25368,0.007 percent
25369,0.534 percent
25419,62.3 percent
25443,3.66%
25445,7.50%
25446,month percent
25464,1900%
25494,29.7 percent
25495,57.3 percent
25498,3.84 percent
25512,-0.39%
25541,480%
25559,Twenty-three percent
25602,31.5%
25612,23.5%
25624,1.82%
25663,47.4%
25664,60.3%
25665,Eighty-three percent
25666,"""61.8%"
25667,66.5%
25736,52.2%
25750,18.3 percent
25847,MoM percent
25848,CE16OV percent
25851,GDP percent
25878,2.84 percent
25927,sub-10%
25982,86th percent
25996,surprise percent
25999,-3.6%
26033,"""the percent"
26066,3.41 percent
26073,3.14 percent
26078,2.75 percent
26084,0.27 percent
26085,2.85 percent
26086,0.79%
26094,0.82%
26095,357%
26167,0.16%
26194,income percent
26199,1.92 percent
26253,3.63%
26270,2.80%
26277,88percent
26324,4-5 percent
26339,2.86 percent
26341,70.5 percent
26343,10.7 percent
26345,101 percent
26346,32.4 percent
26362,33.55%
26363,37.31%
26368,1.62%
26375,5-4%
26382,2.72%
26389,What percent
26415,-10%
26423,"35 percent"""
26424,Sixty-two percent
26435,0.82 percent
26438,0.60%
26450,using percent
26498,30-60%
26538,84.4%
26555,37-38%
26562,Demand percent
26573,9.87%
26577,7.22%
26665,biggest percent
26679,ninety-eight percent
26716,Approximately43%
26718,fewerthan20 percent
26746,13.71%
26754,29.6 percent
26758,32.2 percent
26787,205 percent
26790,9.75%
26791,7.75%
26843,8.33%
26844,17.3%
26854,26.7%
26867,8.00%
26868,12.00%
26879,10-30%
26889,329 percent
26915,single-daypercent
26928,19.07%
26965,he percent
26979,16.12%
26992,1500%
26993,15.18 percent
27000,0.42 percent
27017,2.8percent
27072,-0.65%
27191,heavy percent
27193,19.94%
27196,35-45%
27198,18.06%
27202,"""supercent"
27228,79.2 percent
27229,79.4 percent
27230,66.8 percent
27238,1.18%
27332,"""42%"
27387,132.3%
27389,261.8%
27395,4.1percent
27396,0.7percent
27414,20.5%
27423,2.66%
27437,57.0%
27438,56.9%
27439,1.98%
27451,8-14%
27454,-2.25%
27594,almost percent
27608,3.50%
27637,10.69%
27638,9.96%
27657,-0.20%
27691,4.26%
27701,810%
27738,up47%
27744,85.9 percent
27791,-0.15 percent
27811,450 percent
27813,9.0 percent
27829,-14-15 percent
27834,5.64 percent
27851,low-30%
27872,20-32%
27879,58.8%
27888,63.0 percent
27972,7.3940%
27990,220%
28075,1.22 percent
28076,2.724 percent
28077,2.717 percent
28088,averaged120%
28089,is8%
28105,inpercent
28163,15.84%
28169,167%
28170,799%
28174,1.28%
28176,2.27%
28210,about40%
28278,seventy percent
28305,0.23%
28342,fair percent
28353,28.0%
28364,0.58 percent
28367,17.9 percent
28368,8-10 percent
28373,436%
28410,3.04 percent
28416,8.37 percent
28440,79.3%
28486,2.74 percent
28532,sub-5%
28618,63.4 percent
28626,80-87%
28628,80-87 percent
28634,6.27 percent
28649,10-14%
28667,-0.28%
28668,-1.45%
28671,-2.27%
28687,thepercent
28717,As30 percent
28720,12-18 percent
28730,25.2%
28733,2percent
28750,to  percent
28756,-2.5 percent
28861,16.35%
28868,330%
28882,Forty-six percent
28929,247%
28937,-3.0%
28990,31.6%
29135,10.75%
29138,5.65%
29211,39.8%
29304,1.44%
29312,0.48 percent
29329,74.8%
29345,a10 percent
29353,4.00%
29355,123.7%
29388,6.50%
29397,0.54%
29399,4.53 percent
29420,9.11%
29421,overall percent
29442,"""17.4%"
29491,weekly percent
29528,100.2%
29529,5.58%
29531,188%
29561,quarterly percent
29571,3.2percent
29601,18.2 percent
29664,near-30%
29665,24.55%
29690,8.72%
29698,48.2 percent
29700,53.2 percent
29734,"""Ninety percent"
29744,1.27%
29837,about30 percent
29882,Thirty-eight percent
29889,Sixty-seven percent
29904,that37%
29911,cMm2h98Rp9tSvpjHgog8JjkvV9nHKabJxXdgP2acTiVJE%
29952,than7 percent
29958,6.04 percent
30019,1.59%
30040,42.4 percent
30055,79.1 percent
30090,3.91%
30099,1.57%
30148,-20.9%
30189,177 percent
30199,6.84%
30203,2-4%
30214,-4.5 percent
30215,4.9percent
30216,2.3percent
30237,460%
30244,-3.4%
30246,5.64%
30247,5.59%
30253,1.93%
30256,-6.8%
30263,5.05%
30269,7.94%
30311,50-70%
30318,2.77 percent
30336,-0.51%
30349,5.11%
30372,95.9%
30414,20-325%
30420,236.2 percent
30447,4.61%
30471,60-80%
30483,78.7%
30487,5.75%
30500,1.68 percent
30516,0.16 percent
30544,21.0%
30637,60-40 percent
30650,"""95 percent"
30652,36.7 percent
30676,19-39%
30702,42.6%
30703,34.9%
30739,reported percent
30931,18-36%
30950,0.17%
30968,.9%
30979,"""50%"
30989,148.8%
31001,"""70 percent"
31017,"""-3%"""
31029,0.07 percent
31038,22.4%
31058,"""55.8%"
31084,55.8%
31117,688%
31119,524%
31121,504%
31123,398%
31126,547%
31128,53.8%
31129,597%
31130,387%
31134,.07%
31151,around10%
31210,24.9 percent
31221,3.07%
31243,149%
31271,33.7 percent
31280,7.78 percent
31288,-7.0 percent
31298,281%
31303,361%
31304,118%
31305,835%
31345,0.91 percent
31367,0.403%
31372,small %
31378,0.31 percent
31385,19.74%
31404,13.24%
31405,13.34%
31446,12.825 percent
31447,11.45 percent
31452,15.56%
31485,than7%
31504,206%
31512,98.2%
31513,99.1%
31515,1.19%
31532,13.79%
31533,12.08%
31535,7.28%
31537,15.2%
31540,6.72%
31541,6.26%
31544,6.94%
31547,0.73%
31551,370%
31560,nearly40%
31566,11.45%
31595,79.6%
31606,2.4percent
31626,12-14 percent
31648,41.2 percent
31712,32.5%
31715,on-base percent
31721,"""37%"
31726,0.171 percent
31727,0.20 percent
31781,"""1%"""
31789,gain--386 percent
31806,47percent
31808,45.84 percent
31835,9.62 percent
31836,9.17 percent
31867,a100%
31898,48.7%
31916,48.9%
31941,0.79 percent
31942,-0.82 percent
31943,0.084 percent
31944,0.32 percent
31948,6.87 percent
31949,2.07 percent
31985,53.7 percent
31986,55.1 percent
31987,55.9 percent
31991,43.2 percent
31995,52.1 percent
31998,51.1 percent
32000,50.6 percent
32005,42.8 percent
32007,39.5 percent
32013,57.5 percent
32050,52.3%
32071,46.1 percent
32112,0.374%
32128,4.56 percent
32162,37.6 percent
32193,-over-month percent
32425,or percent
32427,sharethe percent
32431,19-28%
32471,2.16 percent
32491,1.90%
32567,65.2 percent
32568,76.7 percent
32573,93.4 percent
32626,-13.4%
32688,-7.4%
32728,4.95%
32741,700 percent
32742,2.02 percent
32746,56.8%
32787,14.35%
32792,-2.1%
32820,0.618%
32896,107%
33015,miniscule percent
33018,0.36%
33048,Sixty-nine percent
33059,122%
33067,1.26 percent
33130,0.94%
33145,137%
33240,50th percent
33259,substantiallyabove2 percent
33278,model %
33286,6.07%
33304,340%
33401,80.3 percent
33423,34.5%
33426,14.0%
33468,67.5 percent
33485,37.2 percent
33501,-0.05%
33526,55-60 percent
33536,.68%
33537,0.61%
33538,.23%
33539,89percent
33541,100percent
33542,50percent
33543,5to10percent
33586,1.24 percent
33589,9.85 percent
33622,-3.69%
33645,1.89%
33670,where52 percent
33735,1.69 percent
33803,3.5752%
33835,lease percent
33840,19.96 percent
33881,25.73 percent
33891,3.059%
33915,203%
33917,both percent
33922,9.88%
33936,875 percent
33943,varying percent
33954,93.9%
33960,3.87 percent
33971,-0.25 percent
34003,-58%
34129,78.9%
34141,119%
34150,64.8%
34155,"""47%"
34193,-to-8%
34194,37.0%
34262,"""0.1%"
34278,-7.9%
34320,4.49 percent
34342,.03%
34361,2.5934%
34362,2.6604%
34400,54.7 percent
34442,51.1%
34473,composite percent
34476,1.17%
34479,2.5717%
34481,household %
34511,50-70 percent
34512,65.6%
34521,self-publishing percent
34537,36.97 percent
34546,1st percent
34567,908%
34579,102%
34586,3.78%
34626,305%
34634,-0.78%
34694,where40 percent
34750,9-10%
34758,3.74%
34773,161%
34776,Ninety-eight percent
34808,10.39%
34840,1.55 percent
34842,93.7 percent
34849,3.440%
34857,3.42%
34868,a66%
34883,Twelve percent
34895,-0.31%
34923,0.30 percent
34969,0.42%
34988,.3382%
34989,without percent
35007,1.0 %
35038,Fifty-six percent
35093,-10.4%
35124,-1.07%
35125,0.70%
35138,-3 percent
35305,-5.4 percent
35334,-0.61%
35339,2.5320%
35420,-3.60%
35424,23.2%
35432,worrying %
35453,6.11%
35476,102.7%
35524,share  percent
35560,6.15%
35581,25-29%
35609,sub-five percent
35620,4.05%
35628,ighty percent
35636,2.27 percent
35734,5.35%
35759,.90%
35767,2.51%
35782,-39%
35815,but percent
35822,50thpercent
35823,75thpercent
35856,40.2 percent
35858,46.2 percent
35878,1.06 percent
35883,5-7 percent
35919,52.9%
35928,-0.42%
35929,-0.52%
35957,nearly60%
35970,equity percent
36001,81.2%
36002,22.9%
36005,One percent
36038,23.2 percent
36074,with68%
36112,by17%
36124,33.2 percent
36137,showed13%
36152,275%
36205,32.6 percent
36222,87.5%
36223,value11%
36230,the80%
36234,3.90%
36248,was63%
36306,12.37%
36310,-4.1%
36340,231%
36348,.73%
36365,-18.7%
36371,2.4395%
36372,2.4413%
36385,90thpercent
36393,than1%
36394,2.827%
36398,4.31 percent
36419,645%
36465,.43%
36472,2.4006%
36486,Ninety-five percent
36494,1.98 percent
36569,200-300 percent
36685,54.9%
36686,54.7%
36698,18.56%
36714,2.03 percent
36716,1.65 percent
36731,11.29%
36779,81.3 percent
36864,RiskHousehold percent
36874,248%
36875,159%
36901,3.04%
36906,62.8 percent
36907,66.4 percent
36916,9.39%
36922,.1 percent
36967,5.86%
36968,3.51%
36970,647 percent
37065,estimated  percent
37077,which43%
37079,-6.3%
37083,four-tenths percent
37092,2.61%
37103,2.6131 percent
37104,2.597 percent
37110,85.7%
37172,2.44 percent
37174,3.65 percent
37216,"""98%"
37285,38.2 percent
37289,72.9%
37318,8.84%
37361,earning percent
37403,0.003%
37463,-0.50 percent
37486,Os percent
37498,triple-digit percent
37499,124 percent
37500,72.6 percent
37505,0.83%
37510,Five percent
37597,79.1%
37605,historical percent
37612,6.70 percent
37617,7.11 percent
37637,3.87%
37644,608%
37651,"""2.0%"""
37659,1.734%
37778,47.7%
37780,55.3%
37797,6.01 percent
37809,4.36 percent
37833,76.4%
37836,1.85%
37871,68.2%
37877,73.9%
37890,2025%
37913,64.2%
37914,4.64%
37963,41.6%
38008,54-55%
38015,60-70 percent
38016,155 percent
38037,65.3%
38055,11.52%
38140,23.0 percent
38147,-17.3%
38155,10.82%
38210,87.3%
38211,90.6%
38213,.60%
38215,.72%
38229,6575 percent
38231,is42%
38306,4.33 percent
38356,65.1%
38373,0.0000001%
38379,92.4%
38439,853%
38473,98.3%
38518,2.516 percent
38519,1.238 percent
38522,ever-greater percent
38635,-3.9%
38654,Twenty-one percent
38716,43.7%
38758,0.19 percent
38760,2.531 percent
38819,570%
38834,.93%
38841,52.8%
38858,190%
38859,59.5%
38862,45.9%
38865,17-40%
38869,45.8 percent
38873,86.3 percent
38921,149 percent
38949,278%
39056,3.64 percent
39061,2.641 percent
39062,2.648 percent
39082,69.1%
39106,7.44%
39133,95.0%
39134,6.875%
39136,2.68%
39147,3.93%
39181,5.53%
39182,21.32%
39183,20.78%
39185,13.43%
39186,13.20%
39203,47.8%
39230,20.93%
39231,19.06%
39232,16.96%
39233,16.43%
39234,14.59%
39258,receives11%
39371,for90 percent
39378,recycles77 percent
39383,65.7%
39397,4.32 percent
39423,0.0001%
39447,1600%
39455,30-35 percent
39482,nearly25 percent
39495,-10.8%
39498,20.8 percent
39517,3.48 percent
39518,5.29 percent
39549,salesfell2%
39628,96.22%
39813,00.25%
39817,03.5%
39900,6.375%
39943,21percent
40000,51.4 percent
40067,60-65 percent
40194,49.1 percent
40195,49.8 percent
40204,20.0 percent
40205,17.0 percent
40238,19.75%
40240,32.5 percent
40318,9.65%
40328,27.30%
40329,10.70%
40356,VIX percent
40393,one-day percent
40397,0.73 percent
40402,349.3%
40413,275.4%
40426,5-30%
40438,cash percent
40440,showing percent
40478,25th percent
40479,average percent
40483,5.99%
40486,28.9 percent
40487,31.57%
40504,251%
40520,78.7 percent
40549,"""43%"
40618,Ninety-seven percent
40631,mid-40%
40658,4.63%
40659,29.21%
40660,27.34%
40661,17.92%
40663,3.88%
40664,3.39%
40669,2.58%
40742,2.478 percent
40743,2.475 percent
40744,3.262 percent
40745,3.264 percent
40820,214%
40822,296%
40844,3percent
40871,7.08%
40893,35.0%
40923,5.41%
40924,1.35%
40967,71.24%
40969,23.76%
40996,60-100 percent
41017,56.3 percent
41020,68.2 percent
41091,than percent
41158,little percent
41239,1.80 percent
41252,"""3%"
41255,185%
41339,165.05%
41410,162%
41412,339%
41431,"""20%"
41433,22.7 percent
41475,19.75 percent
41596,329%
41602,1.66 percent
41681,2.467 percent
41682,2.462 percent
41697,0.44 percent
41701,about27%
41766,-9.2 percent
41825,"45%"""
41928,62.9%
41932,74.7%
41970,1.80%
41972,1.40%
41995,3.78 percent
42009,450%
42044,436.45%
42056,56.6 percent
42057,66.7 percent
42082,"""One-hundred percent"
42088,fewest %
42134,0.480 percent
42135,2.507 percent
42150,Sixty-four percent
42217,202%
42261,465%
42338,mid-teen percent
42367,723 percent
42449,5-3 percent
42460,thirty-nine percent
42479,0.97 percent
42487,0.71 percent
42498,1.08 percent
42504,equal percent
42535,3.21 percent
42547,.27%
42550,5120%
42598,-0.10 percent
42601,-0.004%
42627,.048%
42638,2.433 percent
42639,1.097 percent
42663,43.3%
42736,1.06%
42742,-8.25%
42744,euro-US%
42745,-1.42%
42765,2.98%
42793,2.377 percent
42794,2.424 percent
42795,1.069 percent
42800,69.37 percent
42862,tariffs--778%
42896,0.70 percent
42999,2.422 percent
43000,0.500 percent
43071,285%
43137,0.4159 percent
43138,0.719 percent
43146,12-16%
43153,"""86%"
43171,19.99%
43234,626.7%
43243,that28%
43245,42.8%
43254,grewonlyfour percent
43262,3.75 percent
43290,6.05 percent
43291,3.16 percent
43295,6.12 percent
43320,4.35 percent
43390,4.57 percent
43430,"""Supercent"
43450,5.33 percent
43548,0.67 percent
43586,2.34%
43732,1.74 percent
43742,jump30%
43754,2.30%
43816,Final%
43833,2.30 percent
43834,2.34 percent
43836,2.70 percent
43837,1.30 percent
43839,0.51 percent
43885,248 percent
43888,219 percent
43889,103 percent
43898,1.14%
43901,0.81%
43906,137 percent
43907,-to-30 percent
43950,ever-increasing percent
43955,the20 percent
43970,increased21%
43999,record percent
44032,.995%
44090,25.07 percent
44093,8.48%
44128,-.35%
44175,my percent
44180,his percent
44183,hefty percent
44198,3.09%
44221,was92%
44256,4.29 percent
44271,62.9 percent
44287,68th percent
44289,60th percent
44334,falling percent
44403,""" percent"
44449,"""significant percent"
44489,corrects percent
44497,21.9%
44543,66.9 percent
44575,"""33 percent"
44629,15.49%
44636,64.3%
44639,17.0%
44658,0.86%
44671,2.31 percent
44685,17.01 percent
44715,0.00 %
44742,7-8 percent
44758,360%
44770,was19%
44785,30.6 percent
44787,23.9 percent
44824,than40%
44869,0.909%
44870,2.083%
44871,3.11%
44891,0.915 percent
44892,1.249 percent
44893,2.372 percent
44919,5.10 percent
44920,4.42 percent
44921,4.52 percent
44922,4.73 percent
44927,0.11 percent
44928,0.17 percent
44931,0.943 percent
44986,1.39 percent
45005,20.98 percent
45024,--8.8%
45035,24.3 percent
45049,147 percent
45057,4.78 percent
45106,77.2 percent
45108,14.8 percent
45112,27.4 percent
45136,already33%
45139,is70%
45141,almost30%
45148,growth6%
45152,almost7%
45172,-12.4%
45179,That percent
45189,4.04%
45190,7.10%
45191,7.81%
45195,near-3%
45209,19.4 percent
45221,91.3%
45322,31.8 percent
45363,32.32%
45364,17.85%
45385,"""%"
45386,99.4 percent
45425,3.61 percent
45426,7.34 percent
45427,1percent
45462,67percent
45464,8percent
45501,11.0 percent
45504,74.1 percent
45517,35.6 percent
45519,3.77 percent
45589,TechProResearch60%
45591,45.3%
45629,.24%
45661,.06%
45712,25-1%
45750,3.50 percent
45755,1.07 percent
45816,34.1 percent
45817,22.4 percent
45830,"""63%"
45831,Only23%
45833,Only40%
45845,59.78%
45862,20-25 percent
45920,8.33 percent
45931,09082014%
45949,"""Fifty-eight percent"
45956,Eighty-five percent
45969,226 percent
46057,.08%
46088,of100%
46102,representing83%
46103,only17%
46107,4.27 percent
46126,2.53 percent
46162,-4.25 percent
46163,31.2 percent
46173,13.85%
46202,254%
46216,1200 percent
46235,by percent
46238,near-20%
46249,9.9 %
46253,a20-25%
46371,99th percent
46372,10-18%
46373,6 %
46387,78.8%
46392,43.7 percent
46393,38.8 percent
46402,9.97 percent
46403,3.62 percent
46408,30.1 percent
46428,29.99 percent
46556,9.72 percent
46574,43.3 percent
46636,Ninety-three percent
46646,3.79%
46682,35.1%
46770,54-46%
46804,4.23%
46805,3.37%
46827,1.375%
46837,44.7 percent
46850,513 percent
46854,1.70%
46860,-7.4 percent
46872,0.43 percent
46875,-22.9%
46970,approximately44 percent
46971,1.375 percent
46981,36.3%
47037,55-45 percent
47047,Only14%
47048,whopping52%
47062,"""Near-6%"
47073,97.3%
47075,59.9%
47076,99.6%
47077,97.9%
47080,34.7%
47082,30.9%
47107,as45%
47119,a37%
47193,443%
47249,whopping65%
47250,Only56%
47252,And46%
47254,Only21%
47259,98.7%
47263,10.31%
47266,8.15%
47281,0.23 percent
47308,39.7%
47311,"""50 percent"
47325,about60%
47341,leading percent
47365,172%
47397,over-250%
47399,to2%
47406,because78%
47427,-7.6%
47473,60.5 percent
47474,4.50 percent
47634,233%
47635,48.8%
47653,0.0000009%
47692,3.59 percent
47693,4.19 percent
47696,6.38 percent
47775,142 percent
47878,41.54 percent
47879,60.82 percent
47904,37.3%
47962,7.81 percent
47967,3.82 percent
47972,8.51 percent
47974,2.505 percent
48004,-14.2%
48074,51.5%
48077,3.49 percent
48080,"2%"""
48098,6-9 percent
48144,77.5%
48165,40.5%
48213,massive percent
48221,.65%
48222,.35%
48249,90.3%
48270,3.92%
48276,11.04 percent
48316,0.14 percent
48318,0.87%
48356,3.85 percent
48357,3.33 percent
48361,margin %
48367,-34.7%
48368,43.4%
48372,41.57%
48509,2.4412 percent
48517,40.4 percent
48615,59.7 percent
48689,5-15 percent
48761,"""81%"
48775,cost percent
48792,1550%
48794,19.11%
48825,above90%
48914,23.69%
48915,24.83 percent
48982,27.49%
49000,8.17 percent
49012,Smaller percent
49024,35percent
49077,10.65%
49112,40-60 percent
49155,2.2787%
49156,2.3356%
49158,1.074%
49184,80.98%
49216,20-40%
49223,438%
49313,13.27 percent
49314,0.85 percent
49410,1.97 percent
49429,24.6 percent
49430,2.240 percent
49444,0.0017994134%
49474,1200%
49565,"""Five percent"
49587,1.54%
49640,2.91%
49688,1.99%
49710,6.44%
49713,13.10%
49745,taking25%
49761,55.35 percent
49782,1.865 percent
49783,2.128 percent
49859,29percent
49863,16percent
49864,5.3percent
49882,54percent
49886,occupancy percent
50082,0.718%
50093,9.55%
50119,40.0%
50147,25.8 percent
50153,23.72%
50154,3.97%
50165,133.4 percent
50234,80-100 percent
50267,9.48%
50357,distribution percent
50407,are126%
50408,by %
50460,-plus-slugging percent
50469,38.0%
50471,-39.0%
50477,3.98%
50490,6.39%
50504,0.89%
50590,10-13%
50596,9.27%
50597,-7.51%
50630,35.5%
50651,-0.41%
50656,99.3%
50675,is83 percent
50698,Sonin28 percent
50708,goods20 percent
50722,7.76%
50725,2.13%
50783,13-15%
50810,2.300 percent
50829,40.53 percent
50881,3.18%
50896,about6 percent
50951,6.88 percent
50968,334%
51009,99th%
51011,in%
51015,one%
51059,1.01%
51141,3-7%
51152,0.018%
51158,2015--14%
51211,4.71 percent
51216,5.15 percent
51305,14.56%
51309,2.99%
51344,a4%
51374,64.4%
51384,was61%
51416,-19%
51417,GPM%
51420,EBIT%
51438,20-50%
51461,109%
51523,its40%
51524,increased percent
51534,29.3 percent
51535,33.8 percent
51608,Fifty-nine percent
51620,Thirty-two percent
51626,"""Fifty percent"
51628,1.46%
51653,274%
51733,.45%
51734,.69%
51788,1.42 percent
51851,"""25%"
51857,1.11 percent
51859,1.09 percent
51867,4.83%
51946,518%
51949,189%
52005,4.89 percent
52023,Yr %
52050,53.7%
52056,every percent
52084,default percent
52085,contribution percent
52104,12-month percent
52158,168%
52162,20.50%
52238,2.875%
52250,large %
52299,-0.43%
52334,59.1 percent
52352,2.344 percent
52399,s11%
52421,1.082%
52429,23-29 percent
52430,26-32 percent
52510,"""73.3 percent"
52536,4.67%
52539,59.2%
52541,5.756%
52565,48.5 percent
52589,40.9%
52637,80.72%
52655,"""1.7%"
52725,declining percent
52766,74.5 percent
52775,to16%
52808,pre-recession percent
52838,0.515 percent
52854,8.86%
52887,Forty-five percent
52912,8.40%
52986,24.7 percent
53020,"""41%"
53045,-than-20%
53059,largerpercent
53251,8.48 percent
53252,18.52 percent
53299,92.5 percent
53303,4-12 percent
53359,almost10%
53374,0.53 percent
53375,2.69 percent
53405,0.22 percent
53414,40.8 percent
53415,36.3 percent
53442,"""Twenty percent"
53468,225%
53469,257%
53488,3.26%
53517,3.17%
53626,showed44%
53662,shrinking percent
53669,.01 percent
53693,131 percent
53786,164%
53789,"""99.99 percent"""
53805,about8 percent
53830,51.6%
53850,1.625%
53893,a58%
53919,17.45%
53920,16.83%
53967,82.1%
54008,10th percent
54025,5.18%
54026,-2.70%
54027,-0.76%
54029,28.36%
54080,10.77 percent
54089,8.375%
54091,36.19%
54150,0.625%
54182,record26 percent
54189,2.229 percent
54191,0.004%
54213,7.38%
54235,6.7 %
54300,892 percent
54350,0.709 percent
54352,0.46 percent
54361,remains2%
54381,14.26%
54396,8.15 percent
54434,"""75%"""
54469,54.4 percent
54471,47.1 percent
54476,11.82 percent
54504,-0.32%
54525,0.005 percent
54595,13.73%
54596,0.38 percent
54598,1.57 percent
54615,87.8 percent
54619,13-15 percent
54621,38.3 percent
54691,54.1 percent
54697,as8%
54699,Sweater40%
54701,Technology20%
54702,II20%
54703,Watch-60%
54704,Sunglasses6%
54743,364 percent
54795,-0.64%
54812,5.27%
54830,2.292 percent
54831,2.285 percent
54861,5.20 percent
54944,-0.54%
54967,poll73%
54969,poll91%
55034,5percent
55065,3.05%
55083,4.08 percent
55102,579%
55103,579 percent
55128,3.56 percent
55130,0.49 percent
55132,16.31 percent
55142,stocksby percent
55153,3.6 %
55158,11.75%
55168,that35 percent
55194,isonly180%
55211,2.241%
55235,-0.68%
55255,spendingfour percent
55256,-1.8 percent
55257,growing60 percent
55262,near-40%
55289,isdown40 percent
55369,453%
55423,-11.2%
55430,70.7%
55434,526%
55435,433%
55436,4.44%
55501,maximum percent
55528,about80%
55554,2.184%
55575,12.78%
55586,-1.12%
55611,5.43%
55620,-0.90%
55624,-0.23%
55631,39.47%
55642,.10 percent
55643,.05 percent
55644,.20 percent
55647,.15 percent
55648,.30 percent
55656,3540%
55680,3.24%
55714,6.25 percent
55750,4.11 percent
55761,7.58%
55817,Around7%
55907,0.623%
55943,-3.03%
55972,"""Sixty percent"
56002,-1.41%
56149,2.72 percent
56155,52.4 percent
56175,80.1%
56197,7.65 percent
56208,s41%
56209,s39%
56220,79.4%
56230,5.15%
56255,4.34%
56265,118 percent
56434,27-32%
56435,opened8%
56490,Christmas30 percent
56498,smallpercent
56523,7.13%
56565,1.61%
56578,2.37 percent
56591,46.9 percent
56597,44.9 percent
56620,rose8%
56629,And percent
56649,a525%
56687,-0.75 percent
56717,232%
56763,to17%
56764,billion percent
56767,27.3%
56798,1.59 percent
56818,55-75%
56832,239%
56951,73.59 percent
56967,found25%
56968,64.5%
57043,0.97%
57108,92.3%
57113,14.63 percent
57131,40 %
57132,12-30%
57217,28 %
57221,"-1%"""
57282,4.02 percent
57290,1.17 percent
57295,0.64 percent
57296,2.82 percent
57310,95.8 percent
57443,44.4 percent
57444,34.2 percent
57470,21.4 percent
57530,"""51%"
57532,"""51%"""
57549,1-4%
57618,63.6 percent
57656,8.85 percent
57667,7.19 percent
57758,212%
